create database BankingDB;

use BankingDB;

create table tb_Treaty_Systems(
	id			integer		not null,
	Name		varchar(50)	not null,
	primary key (id)
);

create table tb_Client_Status(
	id			integer		not null,
	Name		varchar(50) not null,
	primary key (id)
);

create table tb_Clients(
	id			integer		not null,
	fname		varchar(50) not null,
	mname		varchar(50) not null,
	lname		varchar(50) not null,
	RiskLevel	smallint	not null,
	Date_from	date		not null,
	Date_to		date		not null,
	Date_birth	date		not null,
	Status		integer		not null,
	primary key (id),
	constraint FK_tb_Client_Status foreign key (Status)
	references tb_Client_Status(id)
	on delete cascade
	on update cascade
);

create table tb_Treaty(
	id			integer			not null,
	ClientId	integer			not null,
	SystemId	integer			not null,
	Rate		numeric(18,2)	not null,
	Closed		bit				not null,
	Amount		numeric(18,2)	not null,
	CCY			char(3)			null,
	ExRate		numeric(18,2)	null,
	primary key (id),
	constraint FK_tb_Clients foreign key (ClientId)
	references tb_Clients(id)
	on delete cascade
	on update cascade,
	constraint FK_tb_Treaty_System foreign key (SystemId)
	references tb_Treaty_Systems(id)
	on delete cascade
	on update cascade
);

insert into dbo.tb_Client_Status(id, name)
values 
(1,	'Закритий'),
(0,	'Активний'),
(2,	'Потребує переідентифікації'),
(3,	'Заблоковано (відмивання коштів)'),
(4,	'Заблоковано (підозрілі транзакції)');


insert into dbo.tb_Clients(id, fname, mname, lname, RiskLevel, Date_from, Date_to, Date_birth, "Status")
values 
(1,'Кучанська','Ганна','Олегівна',77,'2018-9-3','2021-6-25','1992-10-20',1),
(2,'Золотенкова','Олександра','Ігорівна',4,'2017-8-4','2020-7-19','1974-12-22',1),
(3,'Жуковська','Крістіна','Юріївна',60,'2001-4-17','1900-1-1','1952-5-29',0),
(4,'Гонтарук','Ілона','Вікторівна',17,'2002-10-9','2005-8-21','1957-12-12',2),
(5,'Лем','Тетяна','Олександрівна',46,'2017-10-7','1900-1-1','1968-2-9',2),
(6,'Савченко','Анастасія','Сергіївна',48,'2013-3-8','1900-1-1','1976-9-7',2),
(7,'Салабай','Марія','Віталіївна',53,'1993-7-30','1900-1-1','1948-2-18',0),
(8,'Євланов','Михайло','Олексійович',91,'1993-11-17','1900-1-1','1956-5-24',0),
(9,'Поведюк','Олена','Валеріївна',2,'1994-12-17','1900-1-1','1958-7-18',3),
(10,'Кінах','Ангеліна','Андріївна',75,'1990-1-31','1900-1-1','1960-3-23',0),
(11,'Пахаєва','Юлія','Сергіївна',54,'1992-3-2','1900-1-1','1948-6-17',0),
(12,'Абрамець','Владислава','Євгенівна',67,'1993-4-13','1900-1-1','1954-8-21',0),
(13,'Ярославцева','Анна','Володимирівна',57,'1994-3-2','1900-1-1','1959-5-18',4),
(14,'Макарук','Іван','Сергійович',22,'1997-12-27','1900-1-1','1969-5-13',2),
(15,'Марковець','Дарина','Русланівна',54,'2012-5-17','1900-1-1','1974-7-31',4),
(16,'Сівкова','Крістіна','Дмитрівна',3,'2000-1-10','1900-1-1','1964-4-10',0),
(17,'Литвиненко','Вікторія','Олександрівна',79,'1994-5-4','1900-1-1','1960-4-26',0),
(18,'Сердюк','Катерина','Сергіївна',48,'2013-8-18','1900-1-1','1985-10-22',0),
(19,'Сідько','Ольга','Костянтинівна',43,'2010-8-1','1900-1-1','1972-5-25',4),
(20,'Карпушина','Марія','Миколаївна',36,'1993-11-10','1900-1-1','1952-11-7',0),
(21,'Шевченко','Олександр','Олександрович',15,'2014-5-8','2017-4-7','1960-3-14',1),
(22,'Мамій','Катерина','Василівна',61,'1999-3-23','2003-6-22','1963-2-6',1),
(23,'Покрас','Михайло','Семенович',19,'1995-3-6','1999-6-5','1941-10-27',1),
(24,'Шлапак','Ольга','Сергіївна',34,'2006-10-1','2010-11-15','1966-11-4',1),
(25,'Чорнобук','Валерія','Вадимівна',58,'2006-1-9','2011-4-1','1967-10-20',1),
(26,'Бороліс','Владилен','Олегович',36,'2010-7-12','2015-7-25','1975-9-16',1),
(27,'Матвійчук','Аліна','Сергіївна',58,'2015-9-19','2020-10-28','1980-9-15',1),
(28,'Аксьонова','Ганна','Сергіївна',83,'2000-5-21','2004-10-23','1971-4-20',1),
(29,'Сидорець','Анна','Миколаївна',47,'1996-10-8','1999-12-26','1945-1-29',1),
(30,'Коток','Наталія','Юріївна',40,'2015-7-25','2018-6-15','1963-4-8',1),
(31,'Прончук','Анастасія','Володимирівна',20,'2015-9-27','2021-1-10','1975-6-17',1),
(32,'Близнюк','Аліна','Вікторівна',68,'2008-1-31','2012-8-13','1963-10-25',1),
(33,'Килівник','Евеліна','Юріївна',92,'2008-9-24','2012-5-8','1962-2-27',1),
(34,'Веренько','Мирослава','Ігорівна',54,'2001-4-24','2006-5-26','1951-10-5',1),
(35,'Вівчарук','Наталія','Анатоліївна',86,'1990-7-31','1995-4-7','1943-1-11',1),
(36,'Сердюкова','Катерина','Романівна',34,'1990-10-24','1995-10-5','1954-1-24',1),
(37,'Щербіна','Даря','Олександрівна',73,'1990-7-4','1993-8-25','1957-5-3',1),
(38,'Криломака','Вероніка','Євгенівна',76,'2014-7-19','2019-10-30','1963-10-17',1),
(39,'Прохорець','Аліна','Олександрівна',52,'2001-5-25','2006-7-19','1954-9-3',1),
(40,'Романюк','Анна','Євгеніївна',71,'1995-10-10','1999-7-9','1959-10-3',1),
(41,'Алієва','Аміна','Ренатівна',58,'1994-10-14','1999-1-14','1961-8-4',1),
(42,'Плохотнюк','Олександра','Ігорівна',23,'2004-10-7','2009-1-8','1977-1-1',1),
(43,'Яроменко','Антоніна','Геннадіївна',88,'1999-12-24','1900-1-1','1950-8-1',0),
(44,'Філоненко','Ірина','Михайлівна',48,'1990-2-3','1900-1-1','1935-12-26',3),
(45,'Бондарук','Алла','Андріївна',79,'2014-11-10','1900-1-1','1962-1-9',0),
(46,'Денисова','Катерина','Ігорівна',6,'2005-9-20','1900-1-1','1965-1-11',2),
(47,'Брус','Даря','Андріївна',38,'2020-9-9','1900-1-1','1970-5-25',2),
(48,'Несін','Олексій','Станіславович',86,'2012-11-7','1900-1-1','1965-5-24',0),
(49,'Молоканова','Катерина','Юріївна',61,'2009-4-6','1900-1-1','1955-9-22',3),
(50,'Шелест','Анастасія','Олександрівна',20,'2016-4-14','1900-1-1','1978-6-10',0),
(51,'Шовковий','Андрій','Віталійович',59,'2009-1-16','1900-1-1','1972-6-22',0),
(52,'Прокопенко','Матвій','Вадимович',6,'2021-5-24','1900-1-1','1971-10-25',0),
(53,'Сачко','Вероніка','Володимирівна',61,'2016-2-26','1900-1-1','1983-6-23',0),
(54,'Кацюба','Софія','Максимівна',88,'2020-7-19','1900-1-1','1967-12-4',0),
(55,'Григорєва','Катерина','Олександрівна',12,'1994-1-24','1997-2-11','1955-3-19',1),
(56,'Пісківець','Софія','Олександрівна',5,'2000-9-18','2003-10-14','1956-2-24',1),
(57,'Акініна','Ніка','Костянтинівна',72,'1995-5-6','1999-6-17','1946-1-20',1),
(58,'Прокофєва','Катерина','Сергіївна',37,'2001-12-30','2005-10-31','1960-3-6',1),
(59,'Маришева','Софія','Олегівна',56,'2005-6-23','2008-7-20','1965-4-17',1),
(60,'Музика','Анастасія','Ігорівна',49,'1996-6-19','1999-4-14','1950-4-25',1),
(61,'Мельник','Богдан','Ігорович',8,'2001-8-24','2005-5-19','1964-1-12',1),
(62,'Гавриленко','Вікторія','Володимирівна',90,'2011-1-23','2015-2-2','1981-5-20',1),
(63,'Кондакова','Анастасія','Олегівна',15,'2018-5-8','1900-1-1','1999-9-7',0),
(64,'Журавський','Богдан','Олександрович',11,'1990-7-19','1995-7-14','1953-1-7',1),
(65,'Єлісов','Ілля','Євгенійович',38,'1990-10-24','1993-11-22','1939-10-8',1),
(66,'Тараба','Віктор','Сергійович',79,'1999-7-8','2004-2-26','1956-3-22',1),
(67,'Купрін','Кирил','Володимирович',15,'2006-5-24','2011-9-22','1972-6-12',1),
(68,'Фарига','Денис','Вячеславович',7,'1990-6-6','1993-9-11','1956-9-16',1),
(69,'Іщенко','Анастасія','Дмитрівна',55,'2011-2-5','2015-6-12','1956-12-14',1),
(70,'Кутєпов','Максим','Романович',29,'1997-9-27','2003-1-31','1946-5-21',1),
(71,'Афоніна','Даря','Олександрівна',83,'1991-12-6','1996-1-28','1943-9-8',1),
(72,'Семенюк','Андрій','Валерійович',30,'1995-11-9','1998-10-9','1962-11-19',1),
(73,'Сливкіна','Вікторія','Сергіївна',73,'2014-2-23','2017-3-11','1983-4-21',1),
(74,'Хаванов','Андрій','Олексійович',53,'2012-11-9','2016-5-5','1981-6-4',1),
(75,'Багрій','Ілля','Павлович',14,'2011-6-11','2015-11-2','1974-1-18',1),
(76,'Янковська','Ірина','Олексіївна',87,'2010-9-4','2015-1-24','1965-11-3',1),
(77,'Мовчан','Андрій','Дмитрович',28,'1991-1-17','1996-3-12','1936-7-20',1),
(78,'Похилий','Олексій','Юрійович',13,'2009-1-23','2014-5-6','1964-12-15',1),
(79,'Рябоконь','Дарина','Олександрівна',14,'2016-3-2','2019-1-18','1979-10-29',1),
(80,'Масюк','Поліна','Іванівна',10,'1995-2-16','1999-12-3','1951-3-14',1),
(81,'Мисик','Ярослав','Володимирович',4,'1992-9-27','1997-4-9','1964-6-15',1),
(82,'Мозолюк','Назар','Богданович',22,'2020-7-28','1900-1-1','1991-10-13',0),
(83,'Деньгуб','Марія','Олександрівна',72,'2008-2-21','2011-2-16','1971-10-13',1),
(84,'Корнієнко','Олександр','Андрійович',42,'1995-5-27','1999-10-2','1956-4-20',1),
(85,'Ворончихіна','Єлизавета','Дмитрівна',96,'2011-11-21','2016-9-24','1975-9-1',1),
(86,'Пономаренко','Дмитро','Сергійович',30,'2013-1-24','2016-11-26','1974-10-8',1),
(87,'Беспалова','Юлія','Юріївна',54,'1995-1-11','2000-1-2','1948-11-25',1),
(88,'Завалішин','Олександр','Денисович',12,'2015-3-4','2018-12-31','1987-2-2',1),
(89,'Ковальов','Владислав','Дмитрович',41,'2001-11-18','2005-9-9','1964-1-14',1),
(90,'Данилів','Євгенія-Ганна','Орестівна',67,'2021-10-27','1900-1-1','1972-5-26',0),
(91,'Савченко','Богдан','Андрійович',44,'2017-4-22','1900-1-1','1973-7-11',0),
(92,'Дядюшенко','Діана','Олегівна',59,'2020-2-4','1900-1-1','1983-7-15',0),
(93,'Анікушин','Данило','Романович',31,'1996-9-26','2001-8-7','1946-5-22',1),
(94,'Скриннік','Денис','Валерійович',16,'2006-2-26','2010-11-18','1975-2-3',1),
(95,'Міщенко','Микита','Олексійович',4,'1990-7-15','1993-12-21','1944-11-29',1),
(96,'Войтюк','Глєб','Володимирович',73,'1991-11-2','1994-12-1','1938-3-17',1),
(97,'Кучеренко','Володимир','Володимирович',32,'2005-4-19','2008-2-17','1956-12-21',1),
(98,'Мітнічук','Богдан','Олександрович',62,'1991-9-19','1996-7-13','1946-3-25',1),
(99,'Наконечний','Олег','Ярославович',78,'1999-9-24','2003-12-23','1969-5-15',1),
(100,'Мітлош','Владислав','Ігорович',9,'1990-1-21','1995-5-8','1937-3-15',1),
(101,'Керницький','Роман','Сергійович',73,'2016-7-11','2019-4-21','1971-10-9',1),
(102,'Юзва','Назар','Андрійович',22,'2012-10-11','2017-12-14','1962-4-4',1),
(103,'Тарасюк','Тарас','Вікторович',73,'1996-8-4','1999-7-25','1959-3-10',1),
(104,'Тропанець','Олена','Валеріївна',65,'2006-1-11','2011-7-2','1959-10-22',1),
(105,'Курчак','Богдана','Вікторівна',31,'1994-4-10','1998-6-8','1942-10-12',1),
(106,'Єгорова','Яна','Валеріївна',20,'2008-1-4','2011-2-23','1965-6-29',1),
(107,'Добудько','Данило','Ігорович',28,'1997-6-25','1900-1-1','1946-3-27',0),
(108,'Савицький','Микита','Валерійович',57,'2016-5-6','1900-1-1','1966-3-20',0),
(109,'Галанський','Владислав','Сергійович',68,'1998-10-8','1900-1-1','1968-8-5',0),
(110,'Сєвєрова','Марія','Леонідівна',40,'2014-5-6','1900-1-1','1977-10-5',0),
(111,'Стельникович','Катерина','Федорівна',90,'2019-2-24','1900-1-1','1976-4-28',0),
(112,'Камінський','Андрій','Борисович',79,'2013-12-21','1900-1-1','1970-5-25',0),
(113,'Комашко','Олег','Валентинович',73,'2018-12-27','1900-1-1','1980-12-14',0),
(114,'Кравець','Тетяна','Вікторівна',9,'1994-4-6','1999-5-9','1947-11-5',1),
(115,'Ляшенко','Олена','Ігорівна',1,'2017-7-12','2020-8-18','1989-12-17',1),
(116,'Рибальченко','Сергій','Анатолійович',22,'2013-3-18','2017-6-27','1976-7-25',1),
(117,'Саженюк','Володимир','Степанович',39,'2000-5-27','2005-4-24','1950-8-31',1),
(118,'Ставицький','Андрій','Володимирович',46,'2021-9-3','1900-1-1','1974-4-2',0),
(119,'Федоренко','Ірина','Костянтинівна',51,'2008-6-3','2013-4-17','1966-3-30',1),
(120,'Харламова','Ганна','Олексіївна',11,'2010-4-16','2014-5-8','1978-2-9',1),
(121,'Шпирко','Віктор','Васильович',65,'2012-3-20','2016-9-1','1969-1-2',1),
(122,'Банна','Оксана','Леонідівна',71,'2007-4-10','2010-5-23','1965-3-6',1),
(123,'Берліоз','Воланд','Олександрович',99,'1990-4-10','2010-5-23','1965-3-6',1),
(124,'Бездомний','Іван','Миколайович',1,'1990-4-10','2010-5-23','1965-3-6',1);

insert into dbo.tb_Treaty_Systems(id, name)
values
(1001,	'SF Кредит'),
(1002,	'GP Кредит'),
(2001,	'Депозит Вільний'),
(2002,	'Депозит Строковий'),
(2003,	'Депозит Ювілейний');


insert into dbo.tb_Treaty(id, ClientId, SystemId, Rate, Closed, Amount, CCY, ExRate)
values
(1,21,1001,26.47,1,27373,null,null),
(2,49,1002,12.58,1,25290,null,null),
(3,19,1001,10.23,1,40379,null,null),
(4,4,1001,8.81,1,47262,null,null),
(5,104,1002,10.41,1,32477,null,null),
(6,87,1001,22.29,1,14246,null,null),
(7,98,1002,39.09,1,10917,null,null),
(8,9,1001,8.24,1,34972,null,null),
(9,86,1001,8.81,1,16158,null,null),
(10,63,1002,9.37,1,34453,null,null),
(11,72,1001,33.86,1,20924,null,null),
(12,76,1001,30.73,1,40446,null,null),
(13,106,1002,10.75,1,38822,null,null),
(14,89,2002,8.22,1,13835,'USD',24.7),
(15,50,2003,8.8,0,34888,'EUR',27.01),
(16,83,1001,30.39,1,1482,null,null),
(17,98,1002,23.64,1,26941,null,null),
(18,57,2001,10.85,1,36723,'EUR',24.43),
(19,91,2002,9.56,1,15411,'USD',27.88),
(20,24,2003,10.97,0,11013,'EUR',29.16),
(21,8,2002,11.05,1,28169,'USD',28.14),
(22,57,2002,11.12,1,13983,'EUR',23.96),
(23,92,2002,9.27,0,8784,null,null),
(24,4,2002,10.86,0,7738,null,null),
(25,38,2002,8.51,0,9910,'PLN',27.07),
(26,51,2002,11.2,0,31921,'PLN',27.32),
(27,52,2002,8.84,0,14937,'PLN',26.46),
(28,27,2002,10.97,0,22023,'PLN',26.29),
(29,49,2002,9.53,0,35252,'PLN',26.38),
(30,75,2002,8.39,0,24494,'PLN',23.61),
(31,42,2002,8.89,0,47727,'PLN',26.79),
(32,32,2002,8.7,0,9452,'PLN',24.01),
(33,48,2002,8.84,0,49816,'PLN',28.15),
(34,26,2002,8,0,35694,'PLN',26.57),
(35,42,2002,10.88,0,7987,'PLN',29.11),
(36,90,2002,10.66,0,43607,'PLN',25.39),
(37,60,2002,10.2,0,45380,'PLN',27.81),
(38,89,2002,10.52,0,48551,'PLN',26.5),
(39,15,2002,8.19,0,43009,'PLN',28.03),
(40,16,2002,10.78,0,4041,null,0),
(41,88,2002,9.36,0,16856,null,0),
(42,82,2002,8.9,0,22299,'USD',25.33),
(43,10,2002,10.49,0,25311,'USD',28.92),
(44,4,2002,10.51,0,39672,'USD',23.15),
(45,114,2002,10.64,0,32752,'EUR',28.98),
(46,22,2002,9.05,0,37053,null,null),
(47,15,2002,10.24,0,10860,null,null),
(48,46,2002,11.07,0,7215,null,null),
(49,66,2002,8.79,0,8508,'USD',23.81),
(50,106,2002,10.13,0,14143,'USD',26.36),
(51,80,2002,9.21,1,22818,'USD',25.67),
(52,108,2002,8.64,1,40639,'EUR',26.11),
(53,48,2002,8.1,1,41948,'USD',23.45),
(54,79,2002,8.2,1,11908,'USD',25.19),
(55,103,2002,9.76,1,37765,'USD',25.23),
(56,20,2002,8.97,1,32559,'EUR',24.86),
(57,37,2002,11.04,1,49542,null,null),
(58,33,2002,8.37,1,11082,null,null),
(59,53,2002,10.96,1,47613,null,null),
(60,58,2002,9.63,1,5444,null,null),
(61,98,2002,9.3,1,24521,null,null),
(62,63,2002,8.52,1,33709,null,null),
(63,20,2002,8.32,1,27956,null,null),
(64,48,2002,8.98,1,24724,null,null),
(65,98,2002,10.5,1,4174,null,null),
(66,79,2002,9.37,1,14320,null,null),
(67,94,2002,11.05,1,40067,null,null),
(68,85,2002,8.48,1,40363,null,null),
(69,87,2002,9.74,1,15260,null,null),
(70,27,2002,8.58,1,27711,null,null),
(71,51,2002,11.08,1,38856,null,null),
(72,60,2002,9.45,1,32241,null,null),
(73,118,2002,9.13,1,34371,null,null),
(74,42,2002,11.25,1,41174,null,null),
(75,3,2002,10.7,1,8072,null,null),
(76,40,2002,10,1,16989,null,null),
(77,106,2002,11.02,1,22588,null,null),
(78,100,2002,10.19,1,33052,null,null),
(79,87,2002,11.05,1,33320,null,null),
(80,41,2002,9.88,1,36116,null,null),
(81,114,2002,10.24,1,5386,null,null),
(82,29,2002,9.52,1,15100,null,null),
(83,47,2002,8.44,1,12326,null,null),
(84,24,2002,8.36,1,20828,null,null),
(85,77,2002,9.92,1,20595,null,null),
(86,98,2002,8.67,1,17926,null,null),
(87,92,2002,8.19,1,2761,null,null),
(88,2,2002,11.15,1,18552,null,null),
(89,108,2002,9.56,1,7157,null,null),
(90,62,2002,8.87,1,13763,null,null),
(91,14,2002,11.12,1,17719,'USD',27.67),
(92,104,2002,9.34,1,38719,'EUR',29.07),
(93,34,2002,9.11,1,14048,'USD',26.36),
(94,120,2002,10.71,1,24259,'EUR',23.17),
(95,63,2002,9.22,1,10451,'USD',25.45),
(96,48,2002,9.85,1,11982,'EUR',23.78),
(97,28,2002,9.18,1,33818,null,null),
(98,8,2002,8.7,1,18644,null,null),
(99,100,2002,9.21,1,43262,null,null),
(100,43,2002,9.28,1,24756,null,null),
(101,7,2002,10.9,1,36928,null,null),
(102,114,2002,9.67,1,17292,null,null),
(103,36,2002,9.69,1,7124,null,null),
(104,62,2002,9.04,1,35591,null,null),
(105,53,2002,10.31,1,32925,null,null),
(106,78,2002,9.73,1,23736,null,null),
(107,83,2002,9.34,1,5304,null,null),
(108,10,2002,8.73,1,22795,'USD',23.11),
(109,20,2002,8.8,1,31790,'USD',23.7),
(110,82,2002,10.45,1,21159,'USD',25.93),
(111,100,2002,9.26,1,32995,'EUR',24.14),
(112,5,2002,9.07,1,49043,null,null),
(113,118,2002,9.99,1,47381,null,null),
(114,22,2002,9.59,1,14877,null,null),
(115,40,2002,10.71,1,41231,null,null),
(116,82,2002,9.83,1,41618,null,null),
(117,120,2002,8.49,1,10210,null,null),
(118,83,2002,9.17,1,13143,null,null),
(119,97,2002,8.57,1,10036,null,null),
(120,86,2002,10.57,1,24477,null,null),
(121,80,2002,10.16,1,3863,null,null),
(122,20,2002,8.12,1,3227,null,null),
(123,14,2002,9.65,1,9326,null,null),
(124,70,2002,10.21,1,22189,null,null),
(125,44,2002,9.81,1,43820,null,null),
(126,73,2002,8.93,1,6535,null,null),
(127,115,2002,8.19,1,47351,null,null),
(128,86,2002,9.7,1,44717,null,null),
(129,66,2002,9.37,1,49776,null,null),
(130,33,2002,9.52,1,23207,null,null),
(131,117,2002,10.45,1,3578,null,null),
(132,124,2002,8.05,1,33047,null,null),
(133,110,2002,9.46,1,31510,null,null),
(134,47,2002,8.06,1,45785,null,null),
(135,111,2002,8.9,1,44292,null,null),
(136,15,2002,10.83,1,19797,null,null),
(137,41,2002,10.72,1,43074,null,null),
(138,63,2002,8.59,1,33319,null,null),
(139,73,2002,9.01,1,48236,null,null),
(140,35,2002,8,1,15021,null,null),
(141,16,2002,10.89,1,5018,null,null),
(142,123,2002,8.48,1,11502,null,null),
(143,116,2002,9.15,1,43196,null,null),
(144,50,2002,9.35,1,5754,null,null),
(145,95,2002,11.01,1,5800,null,null),
(146,85,2002,9.67,1,3423,null,null),
(147,83,2002,8.3,1,10245,null,null),
(148,77,2002,8.26,1,20999,null,null),
(149,43,2002,9.99,1,1023,null,null),
(150,91,2002,8.21,1,22840,null,null),
(151,27,2002,8.67,1,18331,null,null),
(152,95,2002,10.03,1,32512,null,null),
(153,69,2002,8.78,1,18746,'USD',26.62),
(154,47,2002,10.48,1,43619,'EUR',26.49),
(155,45,2002,10.69,1,15244,'USD',25.04),
(156,63,2002,10.09,0,39705,'EUR',26.62),
(157,24,2002,10.32,0,48454,'USD',28.84),
(158,74,2002,10.99,0,37971,'EUR',25.87),
(159,27,2002,8.46,0,19430,null,null),
(160,51,2002,10.16,0,25124,null,null),
(161,22,2002,10.44,0,44345,null,null),
(162,1,2002,10.12,0,20240,null,null),
(163,47,2002,8.07,0,20758,null,null),
(164,50,2002,10.63,0,13921,null,null),
(165,96,2002,9.84,0,9821,null,null),
(166,58,2002,8.49,0,44009,null,null),
(167,86,2002,8,0,38309,null,null),
(168,76,2002,9.36,0,23928,null,null),
(169,63,2002,9.04,0,46743,null,null),
(170,91,2002,8.29,0,37874,null,null),
(171,81,2002,9.13,0,43920,null,null),
(172,32,2002,8.14,0,11451,null,null),
(173,35,2002,11.23,0,40354,null,null),
(174,107,2002,8,0,47844,null,null),
(175,15,2002,10.44,0,10922,'USD',29.39),
(176,96,2002,8.01,0,41733,'EUR',27.1),
(177,66,2002,10.56,0,45055,'USD',28.38),
(178,101,2002,8.83,0,3794,'EUR',26.49),
(179,10,2002,9.56,0,17831,'USD',23.86),
(180,19,2002,9.94,0,16517,'EUR',25.67),
(181,48,2002,10.57,0,13366,null,null),
(182,69,2002,9.58,0,15044,'USD',26.3),
(183,41,2002,11.09,0,15039,'EUR',26.06),
(184,102,2002,10.26,1,30446,null,null),
(185,70,2002,10.22,1,22676,'USD',28.2),
(186,57,2002,10.24,1,27855,'USD',25.01),
(187,62,2002,9.58,1,34533,'EUR',28.99),
(188,79,2002,9.96,1,21533,'USD',28.87),
(189,117,2002,10.16,1,21125,'EUR',27.31),
(190,73,2002,10.82,1,18205,'USD',27.37),
(191,94,2002,9.69,1,45900,'EUR',27.06),
(192,102,2002,9.59,1,1551,null,null),
(193,45,2002,9.81,1,16738,'EUR',26.08),
(194,33,2002,8.9,1,11766,'USD',26.82),
(195,45,2002,8.56,1,35216,'EUR',26.08),
(196,15,2002,10.39,1,31433,'USD',28.8),
(197,87,2002,10.17,1,43899,'EUR',27.24),
(198,124,2002,8.48,1,15396,'USD',27.48),
(199,96,2002,8.1,1,18142,'EUR',27.9),
(200,42,2002,9.77,1,14417,null,null),
(201,39,2002,10.11,1,16972,null,null),
(202,83,2002,9.03,1,43433,null,null),
(203,97,2002,9.73,1,24758,null,null),
(204,106,2002,11.02,1,38328,null,null),
(205,82,2002,8.7,1,22164,null,null),
(206,67,2002,9.15,1,33718,null,null),
(207,81,2002,9.88,1,36120,null,null),
(208,97,2002,8.95,1,22932,null,null),
(209,41,2002,10.49,1,42204,null,null),
(210,35,2002,9.98,1,3232,null,null),
(211,118,2002,9.42,1,23812,null,null),
(212,124,2002,9.46,1,29718,null,null),
(213,70,2002,9.74,1,39323,null,null),
(214,47,1001,8.99,1,13640,null,null),
(215,110,1001,6.95,1,34860,null,null),
(216,27,1001,52.19,1,4343,null,null),
(217,9,1001,42.15,1,11788,null,null),
(218,7,1001,21.67,1,3895,null,null),
(219,50,1001,59.07,1,3479,null,null),
(220,24,1001,41.54,1,49259,null,null),
(221,26,1001,59.17,1,21907,null,null),
(222,92,1001,28.91,1,37885,null,null),
(223,119,1001,23.58,1,19369,null,null),
(224,73,1001,21.83,1,9040,null,null),
(225,61,1001,28.36,1,13186,null,null),
(226,2,1001,34.96,1,43552,null,null),
(227,33,1001,14.53,1,9292,null,null),
(228,88,1001,18.28,1,47400,null,null),
(229,114,1001,33.9,1,28808,null,null),
(230,109,1001,51.75,1,49357,null,null),
(231,9,1001,34.14,1,46979,null,null),
(232,84,1001,4.17,1,32520,null,null),
(233,108,1001,4.42,1,31572,null,null),
(234,69,1001,27.49,1,28985,null,null),
(235,85,1001,13.76,1,28651,null,null),
(236,108,1001,57.73,1,36223,null,null),
(237,21,1001,51.2,1,14566,null,null),
(238,47,1001,12.41,1,26162,null,null),
(239,40,1001,40.23,1,44741,null,null),
(240,21,1001,4.57,1,36308,null,null),
(241,5,1001,53.2,1,38082,null,null),
(242,75,1001,28.96,1,23643,null,null),
(243,111,1001,49.8,1,21125,null,null),
(244,111,1001,48.32,1,1456,null,null),
(245,42,1001,47.06,1,16373,null,null),
(246,54,1001,12.84,1,31516,null,null),
(247,5,1001,36.99,1,49033,null,null),
(248,65,1001,13.55,1,7666,null,null),
(249,86,1001,13.16,1,19102,null,null),
(250,94,1001,10.08,1,36300,null,null),
(251,28,1001,37.99,1,6442,null,null),
(252,65,1001,58.49,1,33435,null,null),
(253,94,1001,22,1,27851,null,null),
(254,70,1001,50.08,1,43195,null,null),
(255,111,1001,5.04,1,43574,null,null),
(256,92,1001,2.61,1,15238,null,null),
(257,18,1001,38.34,1,29091,null,null),
(258,104,1002,51.68,1,44273,null,null),
(259,26,1002,48.05,1,48026,null,null),
(260,123,1002,0.21,1,16813,null,null),
(261,33,1002,25.02,1,30768,null,null),
(262,70,1002,55.33,1,34218,null,null),
(263,30,1002,22.19,1,7139,null,null),
(264,80,1002,38.15,1,34527,null,null),
(265,8,1002,23.29,1,45605,null,null),
(266,61,1002,38.32,1,13786,null,null),
(267,32,1002,35.67,1,12742,null,null),
(268,59,1002,60.25,1,22311,null,null),
(269,52,1002,12.79,1,13199,null,null),
(270,33,1002,30.39,1,32149,null,null),
(271,84,1002,43.99,1,19194,null,null),
(272,8,1002,5.72,1,12043,null,null),
(273,85,1002,50.24,1,13991,null,null),
(274,24,1002,54.32,1,3777,null,null),
(275,121,1002,39.07,1,7922,null,null),
(276,17,1002,45.68,1,25369,null,null),
(277,99,1002,46.01,1,20519,null,null),
(278,107,1002,33.87,1,44829,null,null),
(279,55,1002,29.97,1,24206,null,null),
(280,101,1002,14.42,1,28430,null,null),
(281,20,1001,48.03,1,15420,null,null),
(282,102,1001,59.1,1,31512,null,null),
(283,73,1001,14.11,1,36077,null,null),
(284,101,1001,28.95,1,46761,null,null),
(285,4,1001,37.6,1,12390,null,null),
(286,76,1001,45.78,1,29349,null,null),
(287,28,1001,12.19,1,28076,null,null),
(288,76,1001,10.43,1,45213,null,null),
(289,1,1001,1.57,1,3966,null,null),
(290,74,1001,41.95,1,13030,null,null),
(291,24,1001,52.46,1,31517,null,null),
(292,39,1001,53.41,1,44381,null,null),
(293,27,1001,26.44,1,44835,null,null),
(294,40,1001,0.59,1,45510,null,null),
(295,5,1001,22.81,1,28824,null,null),
(296,1,1001,58.83,1,30684,null,null),
(297,26,1001,38.9,1,15642,null,null),
(298,60,1001,24.35,1,6236,null,null),
(299,124,1001,46.3,1,30985,null,null),
(300,82,1001,2.11,1,34869,null,null),
(301,28,1001,39.01,1,17133,null,null),
(302,83,1001,53.09,1,27704,null,null),
(303,3,1001,28.86,1,23598,null,null),
(304,93,1001,37.19,1,14316,null,null),
(305,98,1001,53.84,1,1266,null,null),
(306,17,2002,8.84,1,34870,null,null),
(307,93,2002,10.5,1,20072,null,null),
(308,37,2002,10.53,1,41693,null,null),
(309,112,2002,8.04,1,31779,null,null),
(310,97,2002,9.04,1,39936,null,null),
(311,52,2002,10.43,1,10170,null,null),
(312,63,2002,9.64,1,40306,null,null),
(313,96,2002,10.96,1,18859,null,null),
(314,51,2002,9.68,1,30150,null,null),
(315,102,2002,8.41,1,42829,null,null),
(316,102,2002,10.95,1,4232,null,null),
(317,27,2002,9.96,1,25175,null,null),
(318,119,2002,9.62,1,37068,null,null),
(319,86,2002,10.27,1,14176,null,null),
(320,99,2003,8.56,0,40732,null,null),
(321,87,2003,11.03,0,31789,null,null),
(322,75,2003,9.66,0,15218,null,null),
(323,43,2003,8.34,0,3445,null,null),
(324,113,2003,10.85,0,4752,null,null),
(325,53,2003,8.32,0,10201,null,null),
(326,68,2003,11.05,0,43760,null,null),
(327,107,2003,8.78,0,26243,null,null),
(328,44,2003,8.18,0,38804,null,null),
(329,35,2003,8.15,0,25885,null,null),
(330,99,2003,9.7,0,31324,null,null),
(331,16,2003,8.06,0,14843,null,null),
(332,112,2003,8.57,0,14926,null,null),
(333,90,2003,9.93,0,18689,null,null),
(334,64,1001,20.42,1,21150,null,null),
(335,30,1001,4.88,1,16540,null,null),
(336,13,1001,22.35,1,23919,null,null),
(337,92,1001,44.21,1,42642,null,null),
(338,54,1001,11.91,1,11832,null,null),
(339,82,1001,10.25,1,22460,null,null),
(340,80,1001,30.69,1,46438,null,null),
(341,116,1001,43.01,1,25898,null,null),
(342,57,1001,38.19,1,30317,null,null),
(343,112,1001,45.05,1,13729,null,null),
(344,121,1001,53.19,1,7423,null,null),
(345,114,1001,60.15,1,6938,null,null),
(346,92,1001,26.4,1,24001,null,null),
(347,103,1002,40.65,1,44899,null,null),
(348,29,1002,38.17,1,26313,null,null),
(349,123,1002,21.6,1,40686,null,null),
(350,72,1002,3.69,1,43037,null,null),
(351,87,1002,39.19,1,30803,null,null),
(352,102,1002,59.86,1,49787,null,null),
(353,115,1002,0.59,1,26654,null,null),
(354,39,1002,49.01,1,26493,null,null),
(355,41,1002,46.22,1,17840,null,null),
(356,99,1002,41.23,1,16948,null,null),
(357,14,1002,31.28,1,46199,null,null),
(358,108,1002,31.4,1,3575,null,null),
(359,72,1002,50.3,1,24427,null,null),
(360,36,1002,55.57,1,13786,null,null),
(361,44,1002,38.12,1,29206,null,null),
(362,31,1002,11.86,1,46509,null,null),
(363,36,1002,45.11,1,31974,null,null),
(364,31,1002,6.17,1,43702,null,null),
(365,25,1002,15.13,1,8608,null,null),
(366,27,1002,21.55,1,20545,null,null),
(367,59,1002,10.55,1,13757,null,null),
(368,50,1002,38.94,1,41596,null,null),
(369,118,1002,39.12,1,3340,null,null),
(370,121,1002,15.15,1,40564,null,null),
(371,15,1002,1.31,1,29725,null,null),
(372,49,1002,60.9,1,25793,null,null),
(373,17,1002,46.05,1,18265,null,null),
(374,20,1002,46.88,1,13992,null,null),
(375,41,1002,48.59,1,24511,null,null),
(376,103,1002,30.6,1,10688,null,null),
(377,27,1002,12.85,1,41953,null,null),
(378,52,1002,10.63,1,11991,null,null),
(379,18,1002,28.96,1,21310,null,null),
(380,48,1002,52.39,1,30962,null,null),
(381,56,1002,16.2,1,38541,null,null),
(382,83,1002,18,1,38077,null,null),
(383,38,1002,16.82,1,48748,null,null),
(384,116,1002,49.86,1,31358,null,null),
(385,56,1002,41.84,1,40066,null,null),
(386,75,1002,45.68,1,11971,null,null),
(387,97,1002,12.44,1,12839,null,null),
(388,6,1002,4.47,1,38213,null,null),
(389,4,1002,4.75,1,25464,null,null),
(390,104,1002,42.91,1,1915,null,null),
(391,100,1002,4.68,1,49879,null,null),
(392,99,1002,20.34,1,18893,null,null),
(393,116,1002,43.9,1,37873,null,null),
(394,15,1002,37.38,1,28564,null,null),
(395,54,1002,61.13,1,33435,null,null),
(396,87,1002,17.72,1,29254,null,null),
(397,6,1002,12.76,1,6134,null,null),
(398,43,1002,19.18,1,5570,null,null),
(399,61,1002,6.24,1,36787,null,null),
(400,55,1002,32.87,1,28951,null,null),
(401,66,1002,8.41,1,46160,null,null),
(402,11,1002,15.98,1,5789,null,null),
(403,62,1002,56.8,1,22504,null,null),
(404,102,1002,44.7,1,39810,null,null),
(405,7,1002,25.01,1,25990,null,null),
(406,27,1002,46.34,1,21646,null,null),
(407,114,1002,15.25,1,1321,null,null),
(408,56,1002,22.51,1,47868,null,null),
(409,114,1002,56.26,1,28706,null,null),
(410,38,1002,55.4,1,14675,null,null),
(411,73,1002,59.79,1,38662,null,null),
(412,57,1002,32.17,1,41396,null,null),
(413,104,1002,7.82,1,31109,null,null),
(414,124,1002,27.5,1,47424,null,null),
(415,25,1002,19.26,1,1465,null,null),
(416,111,1002,60.37,1,45600,null,null),
(417,105,1002,51.32,1,12303,null,null),
(418,96,1002,10.74,1,26277,null,null),
(419,120,1002,32,1,29038,null,null),
(420,110,1002,28.56,1,8103,null,null),
(421,37,1002,9.7,1,6282,null,null),
(422,50,1002,17.07,1,43783,null,null),
(423,6,1002,7.2,1,30342,null,null),
(424,117,1002,18.27,1,37039,null,null),
(425,118,1002,15.63,1,14179,null,null),
(426,19,1002,46.42,1,21628,null,null),
(427,84,1002,40.26,1,11557,null,null),
(428,67,1002,56.19,1,20602,null,null),
(429,35,1002,34.39,1,41163,null,null),
(430,6,2001,8.5,1,44117,null,null),
(431,55,2001,9.49,1,10485,null,null),
(432,58,2001,9.36,1,25556,null,null),
(433,26,2001,11.06,1,38988,null,null),
(434,8,2001,11.13,1,28090,null,null),
(435,23,2001,8.33,1,30694,null,null),
(436,65,2001,9.09,1,44983,null,null),
(437,58,2001,10.58,1,14315,null,null),
(438,66,2001,9.59,1,42610,null,null),
(439,1,2001,8.16,1,27376,null,null),
(440,105,2001,10.11,1,11211,null,null),
(441,49,2001,10.43,1,38521,null,null),
(442,23,2001,10.16,1,42376,null,null),
(443,23,2001,9.16,1,34212,null,null),
(444,6,2002,10.42,1,6008,null,null),
(445,46,2002,9.53,1,25255,null,null),
(446,84,2002,11.24,1,46530,null,null),
(447,121,2002,8.96,1,38569,null,null),
(448,23,2002,10.28,1,5991,null,null),
(449,30,2002,9.7,1,35593,null,null),
(450,32,2002,10.07,1,13005,null,null),
(451,70,2002,10.39,1,13157,null,null),
(452,60,2002,9.85,1,12049,null,null),
(453,65,2002,9.91,1,26743,null,null),
(454,117,2002,10.14,1,35545,null,null),
(455,60,2002,10.14,1,14964,null,null),
(456,45,2002,8.02,1,49479,null,null),
(457,77,2002,9.26,1,22585,null,null),
(458,69,2002,9.23,1,1223,null,null),
(459,93,2002,9.69,1,1699,null,null),
(460,70,2002,9.95,1,21315,null,null),
(461,113,2002,10.3,1,23231,null,null),
(462,47,2002,8.73,1,6658,null,null),
(463,79,2002,9.06,1,31610,null,null),
(464,39,2002,10.8,1,11155,null,null),
(465,31,2002,9.21,1,33987,null,null),
(466,82,2002,8.89,1,12590,null,null),
(467,75,2002,11.03,1,24991,null,null),
(468,11,2002,9.9,1,1354,null,null),
(469,64,2002,11.09,1,17924,null,null),
(470,124,2002,8.61,1,26423,null,null),
(471,89,2002,8.26,1,43643,null,null),
(472,120,2002,10.68,1,29745,null,null),
(473,30,2002,10.03,1,5577,null,null),
(474,66,2002,10.02,1,26756,null,null),
(475,70,2002,9.94,1,24397,null,null),
(476,83,2002,8.62,1,41338,null,null),
(477,44,2002,10.51,1,26947,null,null),
(478,12,2002,10.19,1,12718,null,null),
(479,30,2002,8.38,1,28919,null,null),
(480,103,2002,10.73,1,43789,null,null),
(481,123,2002,10.02,1,47710,null,null),
(482,82,2002,10.82,1,7987,null,null),
(483,2,2002,10.89,1,44113,null,null),
(484,65,2002,10.62,1,22208,null,null),
(485,73,2002,9.71,1,28878,'USD',28.59),
(486,61,2002,9.08,1,31221,'USD',29.12),
(487,18,2002,10.66,1,23835,'USD',29.48),
(488,55,2002,10.23,1,30534,'EUR',26.04),
(489,81,2002,8.74,1,6251,null,null),
(490,4,2002,9.38,1,37703,null,null),
(491,37,2002,10.5,1,11439,null,null),
(492,69,2002,10.32,1,39672,null,null),
(493,63,2002,8.23,1,29249,null,null),
(494,64,2002,10.63,1,48760,null,null),
(495,118,2002,10.81,1,6284,null,null),
(496,66,2002,8.41,1,12319,null,null),
(497,18,2002,8.63,1,5327,null,null),
(498,19,2002,9.77,1,12901,null,null),
(499,56,2002,10.81,1,22249,null,null),
(500,48,2002,8.01,1,43916,null,null),
(501,67,2002,10.32,1,2567,null,null),
(502,106,2002,9.21,1,41524,null,null),
(503,35,2002,8.49,1,20619,null,null),
(504,117,2002,11.05,1,6081,null,null),
(505,120,2002,8.88,1,29986,null,null),
(506,78,2002,9.29,1,11289,null,null),
(507,48,2002,10.15,1,12105,null,null),
(508,96,2002,9.21,1,36455,null,null),
(509,10,2002,9.8,1,13863,null,null),
(510,110,2002,11.23,1,23732,null,null),
(511,51,2002,10.56,1,45288,null,null),
(512,48,2002,8.73,1,15306,null,null),
(513,6,2002,11.19,1,43919,null,null),
(514,49,2002,9.37,1,42707,null,null),
(515,31,2002,9.63,1,43101,null,null),
(516,13,2002,9.62,1,16121,null,null),
(517,117,2002,8.85,1,15901,null,null),
(518,63,2002,10.35,1,20298,null,null),
(519,106,2002,8.4,1,10765,null,null),
(520,121,2002,10.7,1,27228,null,null),
(521,81,2002,8.65,1,33969,null,null),
(522,36,2002,10.77,1,43547,null,null),
(523,92,2002,9.96,1,30125,null,null),
(524,45,2002,10.98,1,16074,null,null),
(525,74,2002,9.96,1,27332,null,null),
(526,98,2002,10.84,1,16244,null,null),
(527,38,2002,9.36,1,36967,null,null),
(528,123,2002,9.08,1,16436,null,null),
(529,3,2002,9.15,1,31350,null,null),
(530,60,2002,8.32,1,17564,null,null),
(531,89,2002,11.19,1,49808,null,null),
(532,98,2002,10.92,1,41790,null,null),
(533,100,2002,11.09,1,38625,null,null),
(534,98,2002,9.33,1,2129,null,null),
(535,102,2002,9.42,1,35115,null,null),
(536,10,2002,11.15,1,49650,null,null),
(537,44,2002,8.01,1,27805,null,null),
(538,26,2002,8.96,1,48322,null,null),
(539,94,2002,10.77,1,9320,null,null),
(540,33,2002,11.24,1,24646,null,null),
(541,38,2002,9.71,1,30614,null,null),
(542,110,2002,8.16,1,15878,null,null),
(543,25,2002,10.23,1,21589,null,null),
(544,111,2002,9.89,1,21797,'USD',29.05),
(545,92,2002,8.03,1,8865,'USD',25.56),
(546,117,2002,10.05,1,37548,'USD',23.4),
(547,107,2002,11.14,1,29091,'USD',28.06),
(548,98,2002,8.03,1,39920,'USD',26.7),
(549,68,2002,11.07,1,4596,'USD',25.96),
(550,110,2002,8.79,1,9307,null,null),
(551,117,2002,9.76,0,24844,null,null),
(552,21,2002,11.06,0,34009,null,null),
(553,93,2002,8.55,0,4571,null,null),
(554,70,2002,8.05,0,33470,null,null),
(555,25,2002,10.14,0,32760,null,null),
(556,98,1002,50.3,0,16323,null,null),
(557,41,1002,16.85,0,48844,null,null),
(558,44,1002,10.8,0,20698,null,null),
(559,91,1002,42.31,0,44383,null,null),
(560,108,1002,22.2,0,28328,null,null),
(561,117,1002,0.25,0,39288,null,null),
(562,50,1002,55.97,0,32840,null,null),
(563,47,1002,39.2,0,23839,null,null),
(564,77,1002,47.8,0,49085,null,null),
(565,35,1002,39.53,0,29751,null,null),
(566,97,1002,17.64,0,9518,null,null),
(567,105,1002,34.67,0,48557,null,null),
(568,67,1002,9.7,0,1136,null,null),
(569,35,1002,37.4,0,22182,null,null),
(570,24,1002,56.74,0,31987,null,null),
(571,24,1002,9.33,0,26269,null,null),
(572,124,1002,42.6,0,34526,null,null),
(573,13,1002,49.13,0,26148,null,null),
(574,72,1002,54.43,0,36647,null,null),
(575,53,1002,8.91,0,43018,null,null),
(576,83,1002,13.66,0,44078,null,null),
(577,96,1002,48.85,0,1376,null,null),
(578,120,1002,57.72,0,45249,null,null),
(579,92,1002,1.93,1,11260,null,null),
(580,54,1002,37.65,1,32230,null,null),
(581,97,1002,31.42,1,27514,null,null),
(582,75,1002,43.9,1,36473,null,null),
(583,55,1002,56.4,1,20368,null,null),
(584,13,1002,30.83,1,34757,null,null),
(585,85,1002,17.49,1,43747,null,null),
(586,70,1002,38.1,1,39934,null,null),
(587,84,1002,48.57,1,15272,null,null),
(588,34,1002,18.34,1,38628,null,null),
(589,12,1002,44.24,1,31952,null,null),
(590,78,1002,46.66,1,43010,null,null),
(591,69,1002,51.48,1,34574,null,null),
(592,109,1002,20.01,1,4718,null,null),
(593,82,1002,0.86,1,40047,null,null),
(594,113,1002,54.62,1,31588,null,null),
(595,5,1002,47.46,1,49790,null,null),
(596,23,1002,3.25,1,14252,null,null),
(597,92,1002,26.69,1,1602,null,null),
(598,53,1002,50.73,1,35285,null,null),
(599,123,1002,60.86,1,14182,null,null),
(600,64,1002,37.75,1,44061,null,null),
(601,78,1002,47.18,1,17619,null,null),
(602,6,1002,55.51,1,45344,null,null),
(603,57,1002,26.44,1,15112,null,null),
(604,108,1002,59.59,1,6863,null,null),
(605,27,1001,59.03,1,12538,null,null),
(606,112,1001,6.77,1,19565,null,null),
(607,53,1001,26.67,1,46538,null,null),
(608,30,1001,56.36,1,37615,null,null),
(609,77,1001,12.25,1,25076,null,null),
(610,46,1001,14.39,1,23692,null,null),
(611,85,1001,28.13,1,28774,null,null),
(612,34,1001,56.72,1,24133,null,null),
(613,53,1001,56.35,1,37045,null,null),
(614,19,1001,46.5,1,16282,null,null),
(615,32,1001,38.06,1,44648,null,null),
(616,44,1001,1.2,1,4611,null,null),
(617,27,1001,57.3,1,49940,null,null),
(618,77,1001,27.7,1,47028,null,null),
(619,100,1001,32.56,1,31087,null,null),
(620,112,1001,5.79,1,6473,null,null),
(621,112,1001,47.09,1,26129,null,null),
(622,77,1001,27.4,1,10965,null,null),
(623,104,2001,10.28,1,20962,null,null),
(624,36,2001,8,1,49802,null,null),
(625,63,2001,9.61,1,28285,null,null),
(626,113,2001,9.24,1,12114,null,null),
(627,94,2003,9.47,0,39312,null,null),
(628,5,2003,9.2,0,13079,null,null),
(629,98,2003,10.81,0,39537,null,null),
(630,1,2003,8.36,0,37778,null,null),
(631,71,2003,10.45,0,11107,null,null),
(632,10,2003,10.02,0,44668,null,null),
(633,88,2003,9.32,0,29771,null,null),
(634,17,2003,9.9,0,34256,null,null),
(635,110,2003,10.83,0,8683,null,null),
(636,77,2003,10.23,0,12886,null,null),
(637,120,2003,8.74,0,48755,null,null),
(638,72,2003,9.85,0,26739,null,null),
(639,101,2003,9.45,0,3691,null,null),
(640,7,2003,8.48,0,28475,null,null),
(641,98,2003,9.93,0,1228,null,null),
(642,18,2003,8.23,0,17342,null,null),
(643,67,2002,8.75,1,48540,null,null),
(644,108,2002,8.11,1,24484,null,null),
(645,116,2002,8.91,1,5984,null,null),
(646,111,2002,10.93,1,20167,null,null),
(647,57,2002,11.01,1,32177,null,null),
(648,81,2002,9.73,1,6690,null,null),
(649,27,2002,9.97,1,33617,null,null),
(650,45,2002,10.94,1,26166,null,null),
(651,124,2002,9.5,1,32222,null,null),
(652,78,2002,8.93,1,48500,null,null),
(653,114,2002,11.07,1,14052,null,null),
(654,42,2002,8.75,1,7093,null,null),
(655,77,2002,10.41,1,47084,null,null),
(656,9,2001,11.02,1,28289,null,null),
(657,81,2001,8.9,1,43515,null,null),
(658,70,2001,8.68,1,48159,null,null),
(659,70,2001,8.98,1,7494,null,null),
(660,67,2001,9.64,1,30128,null,null),
(661,124,2001,9.29,1,14804,null,null),
(662,5,2001,8.15,1,17066,null,null),
(663,7,2001,9.69,1,28755,null,null),
(664,45,2001,9.4,1,11605,null,null),
(665,35,2001,9.99,1,45533,null,null),
(666,73,2001,9.82,1,8951,null,null),
(667,79,2001,9.62,1,4956,null,null),
(668,32,2001,9.41,1,23428,null,null),
(669,70,2001,9.36,1,34407,null,null),
(670,39,2001,10.34,0,33759,null,null),
(671,11,2001,9.72,0,17611,null,null),
(672,24,2001,8.22,0,43211,null,null),
(673,13,2001,9.67,0,42380,null,null),
(674,66,2001,9.36,0,18568,null,null),
(675,105,2001,9.79,0,28534,null,null),
(676,77,2001,8.37,0,13790,null,null),
(677,36,2001,11.09,0,48873,null,null),
(678,56,2001,10.96,0,15527,null,null),
(679,20,2001,9.63,0,20203,null,null),
(680,36,2001,8.23,0,28684,null,null),
(681,119,2001,10.38,0,21082,null,null),
(682,75,2001,11.05,0,49490,null,null),
(683,47,2001,8.25,0,45332,null,null),
(684,46,2001,10,0,44429,null,null),
(685,64,2001,8.9,0,8161,null,null),
(686,30,2001,9.04,0,30023,null,null),
(687,82,2001,8.56,0,22951,null,null),
(688,104,2001,8.85,0,21859,null,null),
(689,77,2001,8.24,0,34513,null,null),
(690,22,2001,8.25,0,39522,null,null),
(691,104,2001,11.1,0,22033,null,null),
(692,90,2001,9.83,0,43391,null,null),
(693,84,2001,10.51,0,12688,null,null),
(694,111,2001,8.78,0,33955,null,null),
(695,23,2001,10.65,0,25000,null,null),
(696,17,2001,9.7,0,7320,null,null),
(697,102,2001,11.2,0,36579,null,null),
(698,98,2001,9.63,1,2339,null,null),
(699,65,2001,10.99,1,36782,null,null),
(700,123,2001,8.1,1,48159,null,null);

select * from dbo.tb_Client_Status;
select * from dbo.tb_Clients;
select * from dbo.tb_Treaty;
select * from dbo.tb_Treaty_Systems;